Country,Date,Tend to trust,Tend not to trust,DK - Don't know
Albania,08-11-14,0.140977444,0.784774436,0.07424812
Albania,16-05-15,0.159,0.763,0.078
Albania,21-05-16,0.268972142,0.634005764,0.097022094
Albania,03-11-16,0.283783784,0.674710425,0.041505792
Albania,20-05-17,0.301939058,0.636195753,0.061865189
Albania,05-11-17,0.358095238,0.616190476,0.025714286
Albania,17-03-18,0.315839695,0.667938931,0.016221374
Albania,08-11-18,0.296472831,0.684461392,0.019065777
Albania,07-06-19,0.215920398,0.768159204,0.015920398
Albania,14-11-19,0.198852772,0.731357553,0.069789675
Austria,14-11-00,0.211020709,0.693967057,0.095012234
Austria,12-04-01,0.233177163,0.657628851,0.109193987
Austria,13-10-01,0.247510841,0.675597514,0.076891646
Austria,29-03-02,0.249431001,0.651177019,0.099391981
Austria,18-03-03,0.195871347,0.694946128,0.109182525
Austria,01-10-03,0.193296409,0.723458113,0.083245478
Austria,20-02-04,0.185716274,0.706447032,0.107836694
Austria,02-10-04,0.227634195,0.707753479,0.064612326
Austria,09-05-05,0.312,0.632,0.056
Austria,11-10-05,0.276470588,0.63627451,0.087254902
Austria,27-03-06,0.376597837,0.530973451,0.092428712
Austria,06-09-06,0.279252704,0.618485742,0.102261554
Austria,22-09-07,0.297536946,0.613793103,0.088669951
Austria,25-03-08,0.299,0.597,0.104
Austria,06-10-08,0.382851446,0.533399801,0.083748754
Austria,12-06-09,0.401574803,0.530511811,0.067913386
Austria,23-10-09,0.362135922,0.561165049,0.076699029
Austria,05-05-10,0.401401401,0.546546547,0.052052052
Austria,11-11-10,0.273273273,0.672672673,0.054054054
Austria,05-11-11,0.2997003,0.639360639,0.060939061
Austria,12-05-12,0.359879032,0.591733871,0.048387097
Austria,03-11-12,0.327291037,0.607250755,0.065458207
Austria,10-05-13,0.364364364,0.561561562,0.074074074
Austria,02-11-13,0.341085271,0.591085271,0.067829457
Austria,31-05-14,0.232767233,0.723276723,0.043956044
Austria,08-11-14,0.281007752,0.658914729,0.060077519
Austria,16-05-15,0.255566312,0.671829622,0.072604066
Austria,07-11-15,0.218562874,0.730538922,0.050898204
Austria,21-05-16,0.268031189,0.634502924,0.097465887
Austria,03-11-16,0.260487805,0.677073171,0.062439024
Austria,20-05-17,0.332,0.606,0.062
Austria,05-11-17,0.337598425,0.602362205,0.06003937
Austria,17-03-18,0.360923965,0.588065448,0.051010587
Austria,08-11-18,0.328078818,0.613793103,0.058128079
Austria,07-06-19,0.326810176,0.63111546,0.042074364
Austria,14-11-19,0.326450344,0.618485742,0.055063913
Belgium,14-11-00,0.211910245,0.71729267,0.070797085
Belgium,12-04-01,0.169469914,0.710124451,0.120405635
Belgium,13-10-01,0.185581346,0.73730482,0.077113834
Belgium,29-03-02,0.222651823,0.68507526,0.092272917
Belgium,18-03-03,0.215436298,0.712486975,0.072076727
Belgium,01-10-03,0.22443478,0.720109632,0.055455588
Belgium,20-02-04,0.197857294,0.730036524,0.072106183
Belgium,02-10-04,0.227926078,0.726899384,0.045174538
Belgium,09-05-05,0.298,0.66,0.042
Belgium,11-10-05,0.23828125,0.731445313,0.030273438
Belgium,27-03-06,0.287952987,0.688540646,0.023506366
Belgium,06-09-06,0.295114656,0.670987039,0.033898305
Belgium,22-09-07,0.292563601,0.686888454,0.020547945
Belgium,25-03-08,0.276171486,0.705882353,0.017946162
Belgium,06-10-08,0.250499002,0.73752495,0.011976048
Belgium,12-06-09,0.284842319,0.697863683,0.017293998
Belgium,23-10-09,0.213717694,0.769383698,0.016898608
Belgium,05-05-10,0.204142012,0.774161736,0.021696252
Belgium,11-11-10,0.202392822,0.778664008,0.01894317
Belgium,05-11-11,0.240272374,0.739299611,0.020428016
Belgium,12-05-12,0.32,0.666976744,0.013023256
Belgium,03-11-12,0.232783705,0.754607177,0.012609117
Belgium,10-05-13,0.339920949,0.645256917,0.014822134
Belgium,02-11-13,0.261523989,0.716839135,0.021636877
Belgium,31-05-14,0.295454545,0.659090909,0.045454545
Belgium,08-11-14,0.176823177,0.786213786,0.036963037
Belgium,16-05-15,0.198224852,0.75443787,0.047337278
Belgium,07-11-15,0.206595538,0.751697381,0.041707081
Belgium,21-05-16,0.1812749,0.752988048,0.065737052
Belgium,03-11-16,0.207233627,0.759530792,0.033235582
Belgium,20-05-17,0.208780488,0.765853659,0.025365854
Belgium,05-11-17,0.223880597,0.754228856,0.021890547
Belgium,17-03-18,0.188715953,0.791828794,0.019455253
Belgium,08-11-18,0.271455224,0.692164179,0.036380597
Belgium,07-06-19,0.190926276,0.787334594,0.02173913
Belgium,14-11-19,0.210474308,0.7756917,0.013833992
Bulgaria,02-10-04,0.106573705,0.782868526,0.110557769
Bulgaria,09-05-05,0.10805501,0.827111984,0.064833006
Bulgaria,11-10-05,0.097902098,0.835164835,0.066933067
Bulgaria,27-03-06,0.102463054,0.842364532,0.055172414
Bulgaria,06-09-06,0.103381643,0.817391304,0.079227053
Bulgaria,22-09-07,0.067553736,0.779938588,0.152507677
Bulgaria,25-03-08,0.091,0.829,0.08
Bulgaria,06-10-08,0.068656716,0.859701493,0.071641791
Bulgaria,12-06-09,0.129032258,0.825024438,0.045943304
Bulgaria,23-10-09,0.124007937,0.791666667,0.084325397
Bulgaria,05-05-10,0.145,0.78,0.075
Bulgaria,11-11-10,0.133,0.792,0.075
Bulgaria,05-11-11,0.144566301,0.759720837,0.095712861
Bulgaria,12-05-12,0.162401575,0.779527559,0.058070866
Bulgaria,03-11-12,0.139215686,0.794117647,0.066666667
Bulgaria,10-05-13,0.150631681,0.789115646,0.060252672
Bulgaria,02-11-13,0.115758755,0.811284047,0.072957198
Bulgaria,31-05-14,0.176908752,0.754189944,0.068901304
Bulgaria,08-11-14,0.103379722,0.820079523,0.076540755
Bulgaria,16-05-15,0.118532455,0.798682973,0.082784572
Bulgaria,07-11-15,0.126570048,0.796135266,0.077294686
Bulgaria,21-05-16,0.112304688,0.818359375,0.069335938
Bulgaria,03-11-16,0.116485686,0.799605133,0.083909181
Bulgaria,20-05-17,0.15503876,0.792635659,0.052325581
Bulgaria,05-11-17,0.126666667,0.781904762,0.091428571
Bulgaria,17-03-18,0.13385063,0.770126091,0.096023278
Bulgaria,08-11-18,0.11208577,0.804093567,0.083820663
Bulgaria,07-06-19,0.148255814,0.752906977,0.098837209
Bulgaria,14-11-19,0.127045236,0.763233879,0.109720885
Cyprus,02-10-04,0.258517034,0.675350701,0.066132265
Cyprus,09-05-05,0.205940594,0.720792079,0.073267327
Cyprus,11-10-05,0.193612774,0.756487026,0.0499002
Cyprus,27-03-06,0.197628458,0.701581028,0.100790514
Cyprus,06-09-06,0.236580517,0.677932406,0.085487078
Cyprus,22-09-07,0.166,0.782,0.052
Cyprus,25-03-08,0.327380952,0.630952381,0.041666667
Cyprus,06-10-08,0.286282306,0.654075547,0.059642147
Cyprus,12-06-09,0.267326733,0.675247525,0.057425743
Cyprus,23-10-09,0.193675889,0.750988142,0.055335968
Cyprus,05-05-10,0.230769231,0.717948718,0.051282051
Cyprus,11-11-10,0.178571429,0.765873016,0.055555556
Cyprus,05-11-11,0.08531746,0.867063492,0.047619048
Cyprus,12-05-12,0.132673267,0.80990099,0.057425743
Cyprus,03-11-12,0.091451292,0.878727634,0.029821074
Cyprus,10-05-13,0.102970297,0.863366337,0.033663366
Cyprus,02-11-13,0.067594433,0.914512922,0.017892644
Cyprus,31-05-14,0.126,0.836,0.038
Cyprus,08-11-14,0.06012024,0.911823647,0.028056112
Cyprus,16-05-15,0.058,0.92,0.022
Cyprus,07-11-15,0.066,0.874,0.06
Cyprus,21-05-16,0.063872255,0.886227545,0.0499002
Cyprus,03-11-16,0.092184369,0.851703407,0.056112224
Cyprus,20-05-17,0.076152305,0.887775551,0.036072144
Cyprus,05-11-17,0.078,0.882,0.04
Cyprus,17-03-18,0.103174603,0.845238095,0.051587302
Cyprus,08-11-18,0.096837945,0.843873518,0.059288538
Cyprus,07-06-19,0.102970297,0.871287129,0.025742574
Cyprus,14-11-19,0.097029703,0.871287129,0.031683168
Turkish Cypriot Community,02-10-04,0.252,0.678,0.07
Turkish Cypriot Community,09-05-05,0.404,0.524,0.072
Turkish Cypriot Community,11-10-05,0.302,0.588,0.11
Turkish Cypriot Community,27-03-06,0.332,0.626,0.042
Turkish Cypriot Community,06-09-06,0.274,0.652,0.074
Turkish Cypriot Community,22-09-07,0.13,0.79,0.08
Turkish Cypriot Community,25-03-08,0.214,0.654,0.132
Turkish Cypriot Community,06-10-08,0.218,0.72,0.062
Turkish Cypriot Community,12-06-09,0.242,0.688,0.07
Turkish Cypriot Community,23-10-09,0.184,0.748,0.068
Turkish Cypriot Community,05-05-10,0.33,0.61,0.06
Turkish Cypriot Community,11-11-10,0.208,0.716,0.076
Turkish Cypriot Community,05-11-11,0.266,0.682,0.052
Turkish Cypriot Community,12-05-12,0.124,0.804,0.072
Turkish Cypriot Community,03-11-12,0.186372745,0.731462926,0.082164329
Turkish Cypriot Community,10-05-13,0.134,0.828,0.038
Turkish Cypriot Community,02-11-13,0.192,0.714,0.094
Turkish Cypriot Community,31-05-14,0.29,0.624,0.086
Czechia,02-10-04,0.098604651,0.84744186,0.053953488
Czechia,09-05-05,0.109879963,0.853185596,0.036934441
Czechia,11-10-05,0.11369509,0.84496124,0.041343669
Czechia,27-03-06,0.153558052,0.815543071,0.030898876
Czechia,06-09-06,0.143119266,0.82293578,0.033944954
Czechia,22-09-07,0.109403255,0.849909584,0.040687161
Czechia,25-03-08,0.115384615,0.857988166,0.026627219
Czechia,06-10-08,0.123661149,0.851996105,0.024342746
Czechia,12-06-09,0.153424658,0.825570776,0.021004566
Czechia,23-10-09,0.123106061,0.854166667,0.022727273
Czechia,05-05-10,0.120470127,0.859941234,0.019588639
Czechia,11-11-10,0.122926829,0.853658537,0.023414634
Czechia,05-11-11,0.093812375,0.881237525,0.0249501
Czechia,12-05-12,0.088822355,0.896207585,0.01497006
Czechia,03-11-12,0.082834331,0.902195609,0.01497006
Czechia,10-05-13,0.099800399,0.889221557,0.010978044
Czechia,02-11-13,0.111111111,0.871871872,0.017017017
Czechia,31-05-14,0.142433234,0.829871414,0.027695351
Czechia,08-11-14,0.11943128,0.847393365,0.033175355
Czechia,16-05-15,0.099902057,0.86287953,0.037218413
Czechia,07-11-15,0.127218935,0.818540434,0.054240631
Czechia,21-05-16,0.133141762,0.814176245,0.052681992
Czechia,03-11-16,0.12250996,0.851593625,0.025896414
Czechia,20-05-17,0.09486166,0.875494071,0.029644269
Czechia,05-11-17,0.131243879,0.835455436,0.033300686
Czechia,17-03-18,0.159503343,0.808978032,0.031518625
Czechia,08-11-18,0.113886114,0.844155844,0.041958042
Czechia,07-06-19,0.165338645,0.804780876,0.029880478
Czechia,14-11-19,0.16765286,0.800788955,0.031558185
Germany,14-11-00,0.170983074,0.721586705,0.107430222
Germany,12-04-01,0.162627207,0.69640999,0.140962803
Germany,13-10-01,0.165436297,0.734492338,0.100071364
Germany,29-03-02,0.171463742,0.721123125,0.107413133
Germany,18-03-03,0.113390885,0.792774183,0.093834932
Germany,01-10-03,0.114983504,0.797185582,0.087830914
Germany,20-02-04,0.112274693,0.805609743,0.082115564
Germany,02-10-04,0.131391586,0.826537217,0.042071197
Germany,09-05-05,0.181578947,0.782894737,0.035526316
Germany,11-10-05,0.177198697,0.786970684,0.035830619
Germany,27-03-06,0.216764898,0.750491159,0.032743942
Germany,06-09-06,0.146885246,0.798688525,0.05442623
Germany,22-09-07,0.182902584,0.750828363,0.066269052
Germany,25-03-08,0.177314211,0.767275098,0.055410691
Germany,06-10-08,0.220183486,0.726736566,0.053079948
Germany,12-06-09,0.241946088,0.707429323,0.050624589
Germany,23-10-09,0.202113606,0.743725231,0.054161162
Germany,05-05-10,0.190759076,0.76369637,0.045544554
Germany,11-11-10,0.146583851,0.79378882,0.059627329
Germany,05-11-11,0.149544863,0.78153446,0.068920676
Germany,12-05-12,0.240346205,0.71171771,0.047936085
Germany,03-11-12,0.209987196,0.725352113,0.064660691
Germany,10-05-13,0.24967825,0.681467181,0.068854569
Germany,02-11-13,0.21257291,0.723914452,0.063512638
Germany,31-05-14,0.300952381,0.636190476,0.062857143
Germany,08-11-14,0.208695652,0.706832298,0.08447205
Germany,16-05-15,0.262717321,0.640695428,0.09658725
Germany,07-11-15,0.235294118,0.705235941,0.059469942
Germany,21-05-16,0.220615965,0.715901948,0.063482087
Germany,03-11-16,0.290196078,0.635294118,0.074509804
Germany,20-05-17,0.373831776,0.562616822,0.063551402
Germany,05-11-17,0.334398977,0.60741688,0.058184143
Germany,17-03-18,0.357852883,0.604373757,0.03777336
Germany,08-11-18,0.314022383,0.628044766,0.057932851
Germany,07-06-19,0.293207801,0.652320108,0.054472091
Germany,14-11-19,0.306294614,0.628812459,0.064892927
Denmark,14-11-00,0.314891822,0.606287272,0.078820905
Denmark,12-04-01,0.340115461,0.565808005,0.094076534
Denmark,13-10-01,0.356768265,0.579773719,0.063458016
Denmark,29-03-02,0.345851693,0.560248807,0.0938995
Denmark,18-03-03,0.373354448,0.518375322,0.10827023
Denmark,01-10-03,0.386061739,0.477088248,0.136850014
Denmark,20-02-04,0.322855539,0.564737218,0.112407244
Denmark,02-10-04,0.38483965,0.529640428,0.085519922
Denmark,09-05-05,0.506184586,0.430066603,0.063748811
Denmark,11-10-05,0.354651163,0.579457364,0.065891473
Denmark,27-03-06,0.489087302,0.465277778,0.045634921
Denmark,06-09-06,0.408773679,0.511465603,0.079760718
Denmark,22-09-07,0.401401401,0.537537538,0.061061061
Denmark,25-03-08,0.500497512,0.466666667,0.032835821
Denmark,06-10-08,0.543774319,0.424124514,0.032101167
Denmark,12-06-09,0.58242843,0.383020731,0.034550839
Denmark,23-10-09,0.503976143,0.461232604,0.034791252
Denmark,05-05-10,0.488071571,0.489065606,0.022862823
Denmark,11-11-10,0.312678742,0.629170639,0.05815062
Denmark,05-11-11,0.348214286,0.618055556,0.033730159
Denmark,12-05-12,0.425024826,0.547169811,0.027805362
Denmark,03-11-12,0.360639361,0.608391608,0.030969031
Denmark,10-05-13,0.36119403,0.618905473,0.019900498
Denmark,02-11-13,0.332667333,0.638361638,0.028971029
Denmark,31-05-14,0.408955224,0.553233831,0.037810945
Denmark,08-11-14,0.338645418,0.60059761,0.060756972
Denmark,16-05-15,0.37254902,0.556862745,0.070588235
Denmark,07-11-15,0.323676324,0.595404595,0.080919081
Denmark,21-05-16,0.297914598,0.596822244,0.105263158
Denmark,03-11-16,0.292537313,0.635820896,0.071641791
Denmark,20-05-17,0.318897638,0.600393701,0.080708661
Denmark,05-11-17,0.331668332,0.572427572,0.095904096
Denmark,17-03-18,0.337598425,0.588582677,0.073818898
Denmark,08-11-18,0.33627451,0.592156863,0.071568627
Denmark,07-06-19,0.474916388,0.471571906,0.053511706
Denmark,14-11-19,0.408023483,0.504892368,0.087084149
Estonia,02-10-04,0.17,0.746,0.084
Estonia,09-05-05,0.174825175,0.719280719,0.105894106
Estonia,11-10-05,0.182,0.694,0.124
Estonia,27-03-06,0.211576846,0.708582834,0.079840319
Estonia,06-09-06,0.158,0.703,0.139
Estonia,22-09-07,0.218379447,0.711462451,0.070158103
Estonia,25-03-08,0.14796425,0.778550149,0.073485601
Estonia,06-10-08,0.191191191,0.758758759,0.05005005
Estonia,12-06-09,0.154075547,0.80417495,0.041749503
Estonia,23-10-09,0.166666667,0.784431138,0.048902196
Estonia,05-05-10,0.204795205,0.755244755,0.03996004
Estonia,11-11-10,0.184,0.746,0.07
Estonia,05-11-11,0.204386839,0.74775673,0.047856431
Estonia,12-05-12,0.209,0.756,0.035
Estonia,03-11-12,0.155688623,0.781437126,0.062874251
Estonia,10-05-13,0.168662675,0.79740519,0.033932136
Estonia,02-11-13,0.157370518,0.796812749,0.045816733
Estonia,31-05-14,0.222114452,0.666343356,0.111542192
Estonia,08-11-14,0.130738523,0.693612774,0.175648703
Estonia,16-05-15,0.147852148,0.698301698,0.153846154
Estonia,07-11-15,0.147410359,0.672310757,0.180278884
Estonia,21-05-16,0.143139191,0.685093781,0.171767029
Estonia,03-11-16,0.12039801,0.749253731,0.130348259
Estonia,20-05-17,0.153465347,0.726732673,0.11980198
Estonia,05-11-17,0.186138614,0.685148515,0.128712871
Estonia,17-03-18,0.154750245,0.709108717,0.136141038
Estonia,08-11-18,0.178217822,0.663366337,0.158415842
Estonia,07-06-19,0.203389831,0.685942173,0.110667996
Estonia,14-11-19,0.128871129,0.74025974,0.130869131
Greece,03-11-16,0.063492063,0.927579365,0.008928571
Greece,20-05-17,0.043564356,0.94950495,0.006930693
Greece,05-11-17,0.045680238,0.944389275,0.009930487
Greece,17-03-18,0.040513834,0.953557312,0.005928854
Greece,07-06-19,0.101879327,0.883283877,0.014836795
Spain,14-11-00,0.279296509,0.653834985,0.066868506
Spain,12-04-01,0.238034862,0.694813564,0.067151574
Spain,13-10-01,0.233203757,0.681121249,0.085674994
Spain,29-03-02,0.236686431,0.672483541,0.090830027
Spain,18-03-03,0.226858205,0.709970677,0.063171118
Spain,01-10-03,0.22499146,0.685930897,0.089077643
Spain,20-02-04,0.270402519,0.654066404,0.075531077
Spain,02-10-04,0.276637341,0.65884653,0.064516129
Spain,09-05-05,0.236328125,0.6875,0.076171875
Spain,11-10-05,0.268965517,0.628571429,0.102463054
Spain,27-03-06,0.308151093,0.589463221,0.102385686
Spain,06-09-06,0.237288136,0.645064806,0.117647059
Spain,22-09-07,0.322,0.613,0.065
Spain,25-03-08,0.40464666,0.517909003,0.077444337
Spain,06-10-08,0.302,0.64,0.058
Spain,12-06-09,0.224775225,0.744255744,0.030969031
Spain,23-10-09,0.177625123,0.801766438,0.02060844
Spain,05-05-10,0.138170974,0.821073559,0.040755467
Spain,11-11-10,0.105894106,0.85014985,0.043956044
Spain,05-11-11,0.119521912,0.84063745,0.039840637
Spain,12-05-12,0.096421471,0.871769384,0.031809145
Spain,03-11-12,0.055666004,0.911530815,0.032803181
Spain,10-05-13,0.047524752,0.938613861,0.013861386
Spain,02-11-13,0.055335968,0.929841897,0.014822134
Spain,31-05-14,0.071636012,0.914811229,0.013552759
Spain,08-11-14,0.053080569,0.921327014,0.025592417
Spain,16-05-15,0.067864271,0.910179641,0.021956088
Spain,07-11-15,0.071856287,0.862275449,0.065868263
Spain,21-05-16,0.059464817,0.901883053,0.038652131
Spain,03-11-16,0.097922849,0.87537092,0.026706231
Spain,20-05-17,0.071011673,0.90077821,0.028210117
Spain,05-11-17,0.083333333,0.885912698,0.030753968
Spain,17-03-18,0.076545633,0.894995093,0.028459274
Spain,08-11-18,0.085064293,0.877349159,0.037586548
Spain,07-06-19,0.117179742,0.855014896,0.027805362
Spain,14-11-19,0.074404762,0.907738095,0.017857143
European Union,13-10-01,0.182669764,0.733191906,0.084138331
European Union,29-03-02,0.181636242,0.726643209,0.091720549
European Union,01-10-03,0.149676496,0.764715204,0.0856083
European Union,02-10-04,0.169611165,0.766739271,0.063649564
European Union,09-05-05,0.193258336,0.751582597,0.055159066
European Union,11-10-05,0.174282849,0.755626881,0.070090271
European Union,27-03-06,0.224616221,0.714631164,0.060752615
European Union,06-09-06,0.178803428,0.749986353,0.071210219
European Union,22-09-07,0.193091364,0.74020025,0.066708385
European Union,25-03-08,0.191883956,0.749115366,0.059000678
European Union,06-10-08,0.196753954,0.752338731,0.050907315
European Union,12-06-09,0.192545658,0.757659337,0.049795006
European Union,23-10-09,0.160038906,0.790430586,0.049530508
European Union,05-05-10,0.184858494,0.766721718,0.048419788
European Union,11-11-10,0.14680238,0.800246978,0.052950642
European Union,05-11-11,0.138898289,0.808009024,0.053092687
European Union,12-05-12,0.18035064,0.776851748,0.042797612
European Union,03-11-12,0.148717178,0.805529469,0.045753353
European Union,10-05-13,0.154247419,0.805433798,0.040318783
European Union,02-11-13,0.136040244,0.819834711,0.044125045
European Union,31-05-14,0.167976003,0.784459363,0.047564634
European Union,08-11-14,0.138955593,0.799541235,0.061503172
European Union,16-05-15,0.155342604,0.784674688,0.059982708
European Union,07-11-15,0.14912756,0.78136628,0.069506159
European Union,21-05-16,0.145697031,0.795132648,0.059170321
European Union,03-11-16,0.161739758,0.783107742,0.0551525
European Union,20-05-17,0.192130539,0.748991324,0.058878138
European Union,05-11-17,0.178776752,0.772115278,0.049107971
European Union,17-03-18,0.1862028,0.772398173,0.041399027
European Union,08-11-18,0.179002764,0.765759285,0.055237951
European Union,07-06-19,0.191596271,0.764309642,0.044094087
European Union,14-11-19,0.18692404,0.75983162,0.05324434
Finland,14-11-00,0.202026228,0.719015597,0.078958175
Finland,12-04-01,0.215619274,0.66090477,0.123475956
Finland,13-10-01,0.220570024,0.684247851,0.095182125
Finland,29-03-02,0.208452549,0.704231859,0.087315592
Finland,18-03-03,0.242948099,0.653814583,0.103237318
Finland,01-10-03,0.192503453,0.698838133,0.108658414
Finland,20-02-04,0.20603644,0.721533722,0.072429838
Finland,02-10-04,0.256461233,0.703777336,0.039761431
Finland,09-05-05,0.375,0.586914063,0.038085938
Finland,11-10-05,0.284046693,0.685797665,0.030155642
Finland,27-03-06,0.36083499,0.600397614,0.038767396
Finland,06-09-06,0.287,0.656,0.057
Finland,22-09-07,0.261374637,0.70571152,0.032913843
Finland,25-03-08,0.305776892,0.661354582,0.032868526
Finland,06-10-08,0.364541833,0.608565737,0.02689243
Finland,12-06-09,0.319485658,0.62611276,0.054401583
Finland,23-10-09,0.252208047,0.707556428,0.040235525
Finland,05-05-10,0.299,0.668,0.033
Finland,11-11-10,0.260696517,0.709452736,0.029850746
Finland,05-11-11,0.315369261,0.646706587,0.037924152
Finland,12-05-12,0.370629371,0.607392607,0.021978022
Finland,03-11-12,0.362462761,0.597815293,0.039721946
Finland,10-05-13,0.375523013,0.588912134,0.035564854
Finland,02-11-13,0.316367265,0.648702595,0.03493014
Finland,31-05-14,0.409090909,0.508893281,0.08201581
Finland,08-11-14,0.295114656,0.606181456,0.098703888
Finland,16-05-15,0.346495558,0.532082922,0.12142152
Finland,07-11-15,0.240279163,0.647058824,0.112662014
Finland,21-05-16,0.249007937,0.654761905,0.096230159
Finland,03-11-16,0.315227934,0.640155189,0.044616877
Finland,20-05-17,0.357072206,0.581602374,0.06132542
Finland,05-11-17,0.256889764,0.660433071,0.082677165
Finland,17-03-18,0.258928571,0.666666667,0.074404762
Finland,08-11-18,0.279839519,0.63891675,0.081243731
Finland,07-06-19,0.332669323,0.601593625,0.065737052
Finland,14-11-19,0.261738262,0.646353646,0.091908092
France,14-11-00,0.144880199,0.798516713,0.056603089
France,12-04-01,0.108801587,0.8246333,0.066565113
France,13-10-01,0.152662046,0.803168771,0.044169183
France,29-03-02,0.125084394,0.829890409,0.045025198
France,18-03-03,0.149682279,0.767960774,0.082356947
France,01-10-03,0.117913348,0.817173207,0.064913445
France,20-02-04,0.133026869,0.786144113,0.080829018
France,02-10-04,0.125490196,0.820588235,0.053921569
France,09-05-05,0.136229023,0.807502468,0.056268509
France,11-10-05,0.094152626,0.829534192,0.076313181
France,27-03-06,0.098039216,0.862745098,0.039215686
France,06-09-06,0.115308151,0.815109344,0.069582505
France,22-09-07,0.173745174,0.756756757,0.069498069
France,25-03-08,0.102884615,0.855769231,0.041346154
France,06-10-08,0.129377432,0.840466926,0.030155642
France,12-06-09,0.133911368,0.818882466,0.047206166
France,23-10-09,0.084493042,0.862823062,0.052683897
France,05-05-10,0.141176471,0.817647059,0.041176471
France,11-11-10,0.098360656,0.850530376,0.051108968
France,05-11-11,0.089233754,0.849660524,0.061105723
France,12-05-12,0.250248262,0.716981132,0.032770606
France,03-11-12,0.119047619,0.831349206,0.049603175
France,10-05-13,0.110019646,0.855599214,0.034381139
France,02-11-13,0.072054528,0.88412853,0.043816943
France,31-05-14,0.082669323,0.885458167,0.03187251
France,08-11-14,0.056268509,0.90029615,0.043435341
France,16-05-15,0.048144433,0.905717151,0.046138415
France,07-11-15,0.07797271,0.8791423,0.04288499
France,21-05-16,0.038961039,0.913086913,0.047952048
France,03-11-16,0.055,0.904,0.041
France,20-05-17,0.099709584,0.845111326,0.05517909
France,05-11-17,0.078358209,0.871268657,0.050373134
France,17-03-18,0.066666667,0.893137255,0.040196078
France,08-11-18,0.058358061,0.894164194,0.047477745
France,07-06-19,0.074037512,0.893385982,0.032576505
France,14-11-19,0.084896347,0.86278381,0.052319842
Greece,14-11-00,0.189126943,0.776318493,0.034554563
Greece,12-04-01,0.180147815,0.77508451,0.044767675
Greece,13-10-01,0.246816615,0.718096338,0.035087047
Greece,29-03-02,0.160735934,0.808685665,0.030578401
Greece,18-03-03,0.171717004,0.798020457,0.03026254
Greece,01-10-03,0.202062757,0.766721755,0.031215488
Greece,20-02-04,0.28045722,0.677057424,0.042485356
Greece,02-10-04,0.171,0.804,0.025
Greece,09-05-05,0.226,0.757,0.017
Greece,11-10-05,0.222,0.77,0.008
Greece,27-03-06,0.248,0.752,0
Greece,06-09-06,0.226773227,0.768231768,0.004995005
Greece,22-09-07,0.205,0.794,0.001
Greece,25-03-08,0.172,0.827,0.001
Greece,06-10-08,0.136,0.863,0.001
Greece,12-06-09,0.149149149,0.84984985,0.001001001
Greece,23-10-09,0.185,0.811,0.004
Greece,05-05-10,0.089,0.908,0.003
Greece,11-11-10,0.05,0.935,0.015
Greece,05-11-11,0.051,0.94,0.009
Greece,12-05-12,0.074,0.908,0.018
Greece,03-11-12,0.047952048,0.94005994,0.011988012
Greece,10-05-13,0.042,0.944,0.014
Greece,02-11-13,0.041,0.937,0.022
Greece,31-05-14,0.087512291,0.907571288,0.004916421
Greece,08-11-14,0.077304262,0.915758176,0.006937562
Greece,16-05-15,0.086086086,0.897897898,0.016016016
Greece,07-11-15,0.062874251,0.922155689,0.01497006
Greece,21-05-16,0.046214356,0.94100295,0.012782694
Greece,08-11-18,0.038844622,0.955179283,0.005976096
Greece,14-11-19,0.067393459,0.919722498,0.012884044
Croatia,02-10-04,0.069,0.859,0.072
Croatia,09-05-05,0.108,0.835,0.057
Croatia,11-10-05,0.08,0.853,0.067
Croatia,27-03-06,0.114,0.84,0.046
Croatia,06-09-06,0.067932068,0.88011988,0.051948052
Croatia,22-09-07,0.084,0.859,0.057
Croatia,25-03-08,0.093,0.874,0.033
Croatia,06-10-08,0.101,0.864,0.035
Croatia,12-06-09,0.07,0.905,0.025
Croatia,23-10-09,0.043,0.918,0.039
Croatia,05-05-10,0.083,0.883,0.034
Croatia,11-11-10,0.052,0.912,0.036
Croatia,05-11-11,0.058941059,0.902097902,0.038961039
Croatia,12-05-12,0.119119119,0.860860861,0.02002002
Croatia,03-11-12,0.072,0.89,0.038
Croatia,10-05-13,0.087087087,0.8998999,0.013013013
Croatia,02-11-13,0.08,0.901,0.019
Croatia,31-05-14,0.070787637,0.898305085,0.030907278
Croatia,08-11-14,0.101265823,0.854917235,0.043816943
Croatia,16-05-15,0.133928571,0.829365079,0.036706349
Croatia,07-11-15,0.152777778,0.795634921,0.051587302
Croatia,21-05-16,0.100970874,0.86407767,0.034951456
Croatia,03-11-16,0.126177024,0.852165725,0.02165725
Croatia,20-05-17,0.106549365,0.88172043,0.011730205
Croatia,05-11-17,0.106946984,0.851005484,0.042047532
Croatia,17-03-18,0.081439394,0.90530303,0.013257576
Croatia,08-11-18,0.114737883,0.862512364,0.022749753
Croatia,07-06-19,0.109467456,0.879684418,0.010848126
Croatia,14-11-19,0.124505929,0.856719368,0.018774704
Hungary,02-10-04,0.17635468,0.703448276,0.120197044
Hungary,09-05-05,0.159763314,0.75147929,0.088757396
Hungary,11-10-05,0.144,0.711,0.145
Hungary,27-03-06,0.293137255,0.600980392,0.105882353
Hungary,06-09-06,0.142147117,0.751491054,0.106361829
Hungary,22-09-07,0.075,0.851,0.074
Hungary,25-03-08,0.087,0.834,0.079
Hungary,06-10-08,0.076846307,0.838323353,0.084830339
Hungary,12-06-09,0.103688933,0.835493519,0.060817547
Hungary,23-10-09,0.091886608,0.850439883,0.057673509
Hungary,05-05-10,0.289911851,0.6043095,0.105778648
Hungary,11-11-10,0.224271845,0.716504854,0.059223301
Hungary,05-11-11,0.146914789,0.805093046,0.047992165
Hungary,12-05-12,0.127722772,0.826732673,0.045544554
Hungary,03-11-12,0.181906615,0.775291829,0.042801556
Hungary,10-05-13,0.194931774,0.770955166,0.03411306
Hungary,02-11-13,0.227,0.74,0.033
Hungary,31-05-14,0.207911684,0.753449862,0.038638454
Hungary,08-11-14,0.140433553,0.810556079,0.049010368
Hungary,16-05-15,0.188625592,0.773459716,0.037914692
Hungary,07-11-15,0.162991371,0.768935762,0.068072867
Hungary,21-05-16,0.166346154,0.793269231,0.040384615
Hungary,03-11-16,0.172,0.783,0.045
Hungary,20-05-17,0.203515264,0.749306198,0.047178538
Hungary,05-11-17,0.23387873,0.707410972,0.058710298
Hungary,17-03-18,0.23782235,0.716332378,0.045845272
Hungary,08-11-18,0.284179688,0.680664063,0.03515625
Hungary,07-06-19,0.269045323,0.693346191,0.037608486
Hungary,14-11-19,0.298714144,0.649851632,0.051434224
Ireland,14-11-00,0.22149332,0.683385996,0.095120684
Ireland,12-04-01,0.240001868,0.597087604,0.162910528
Ireland,13-10-01,0.281625054,0.57194187,0.146433076
Ireland,29-03-02,0.240850136,0.637606044,0.12154382
Ireland,18-03-03,0.19994668,0.698854884,0.101198436
Ireland,01-10-03,0.220888598,0.669982827,0.109128574
Ireland,20-02-04,0.233205051,0.640288016,0.126506932
Ireland,02-10-04,0.185,0.694,0.121
Ireland,09-05-05,0.243538767,0.659045726,0.097415507
Ireland,11-10-05,0.224975223,0.684836472,0.090188305
Ireland,27-03-06,0.321036889,0.594217348,0.084745763
Ireland,06-09-06,0.227,0.68,0.093
Ireland,22-09-07,0.217477656,0.672293942,0.110228401
Ireland,25-03-08,0.269920319,0.624501992,0.105577689
Ireland,06-10-08,0.232,0.686,0.082
Ireland,12-06-09,0.189860835,0.736580517,0.073558648
Ireland,23-10-09,0.128585559,0.807121662,0.064292779
Ireland,05-05-10,0.16469428,0.792899408,0.042406312
Ireland,11-11-10,0.088381331,0.856007944,0.055610725
Ireland,05-11-11,0.128078818,0.8,0.071921182
Ireland,12-05-12,0.18,0.768,0.052
Ireland,03-11-12,0.122,0.818,0.06
Ireland,10-05-13,0.127744511,0.827345309,0.04491018
Ireland,02-11-13,0.107569721,0.841633466,0.050796813
Ireland,31-05-14,0.156374502,0.780876494,0.062749004
Ireland,08-11-14,0.12662014,0.804586241,0.068793619
Ireland,16-05-15,0.183693517,0.734774067,0.081532417
Ireland,07-11-15,0.135458167,0.804780876,0.059760956
Ireland,21-05-16,0.166334661,0.739043825,0.094621514
Ireland,03-11-16,0.220456802,0.724925521,0.054617676
Ireland,20-05-17,0.266336634,0.66039604,0.073267327
Ireland,05-11-17,0.201596806,0.73253493,0.065868263
Ireland,17-03-18,0.260178749,0.695134062,0.04468719
Ireland,08-11-18,0.209163347,0.719123506,0.071713147
Ireland,07-06-19,0.292801556,0.642023346,0.065175097
Ireland,14-11-19,0.272189349,0.65581854,0.07199211
Iceland,11-11-10,0.117764471,0.840319361,0.041916168
Iceland,05-11-11,0.134,0.828,0.038
Iceland,12-05-12,0.142,0.842,0.016
Iceland,03-11-12,0.153692615,0.808383234,0.037924152
Iceland,10-05-13,0.340508806,0.628180039,0.031311155
Iceland,02-11-13,0.204408818,0.761523046,0.034068136
Iceland,31-05-14,0.273453094,0.706586826,0.01996008
Iceland,08-11-14,0.208,0.76,0.032
Italy,14-11-00,0.132974604,0.805128662,0.061896734
Italy,12-04-01,0.105400196,0.763336935,0.13126287
Italy,13-10-01,0.128696322,0.777680536,0.093623142
Italy,29-03-02,0.15032599,0.746752055,0.102921956
Italy,18-03-03,0.147619056,0.746791773,0.105589171
Italy,01-10-03,0.11233405,0.78372089,0.10394506
Italy,20-02-04,0.128277926,0.782713213,0.089008861
Italy,02-10-04,0.195886386,0.712047013,0.092066601
Italy,09-05-05,0.195024876,0.749253731,0.055721393
Italy,11-10-05,0.194805195,0.728271728,0.076923077
Italy,27-03-06,0.26026026,0.636636637,0.103103103
Italy,06-09-06,0.189860835,0.741550696,0.068588469
Italy,22-09-07,0.155980861,0.76076555,0.083253589
Italy,25-03-08,0.126223092,0.793542074,0.080234834
Italy,06-10-08,0.158341188,0.764373233,0.07728558
Italy,12-06-09,0.188223938,0.751930502,0.05984556
Italy,23-10-09,0.170849421,0.750965251,0.078185328
Italy,05-05-10,0.176070039,0.719844358,0.104085603
Italy,11-11-10,0.162082515,0.769155206,0.068762279
Italy,05-11-11,0.091173618,0.841901067,0.066925315
Italy,12-05-12,0.036679537,0.88030888,0.083011583
Italy,03-11-12,0.074612403,0.882751938,0.042635659
Italy,10-05-13,0.072205737,0.865479723,0.06231454
Italy,02-11-13,0.075,0.868,0.057
Italy,31-05-14,0.061776062,0.888030888,0.05019305
Italy,08-11-14,0.094488189,0.845472441,0.06003937
Italy,16-05-15,0.089407191,0.846452867,0.064139942
Italy,07-11-15,0.091625616,0.803940887,0.104433498
Italy,21-05-16,0.125984252,0.816929134,0.057086614
Italy,03-11-16,0.091087169,0.876591577,0.032321254
Italy,20-05-17,0.114146341,0.83902439,0.046829268
Italy,05-11-17,0.127536232,0.826086957,0.046376812
Italy,17-03-18,0.12512219,0.8514174,0.023460411
Italy,08-11-18,0.138099902,0.819784525,0.042115573
Italy,07-06-19,0.189873418,0.786757546,0.023369036
Italy,14-11-19,0.153470186,0.813294233,0.033235582
Lithuania,02-10-04,0.157527418,0.758723829,0.083748754
Lithuania,09-05-05,0.09561753,0.805776892,0.098605578
Lithuania,11-10-05,0.10675808,0.799216454,0.094025465
Lithuania,27-03-06,0.095284872,0.853634578,0.05108055
Lithuania,06-09-06,0.082,0.819,0.099
Lithuania,22-09-07,0.067913386,0.858267717,0.073818898
Lithuania,25-03-08,0.074436827,0.864838394,0.06072478
Lithuania,06-10-08,0.095944609,0.84272997,0.06132542
Lithuania,12-06-09,0.084562439,0.856440511,0.05899705
Lithuania,23-10-09,0.045943304,0.901270772,0.052785924
Lithuania,05-05-10,0.061825319,0.90578999,0.032384691
Lithuania,11-11-10,0.067594433,0.880715706,0.051689861
Lithuania,05-11-11,0.081871345,0.874269006,0.043859649
Lithuania,12-05-12,0.082433759,0.884200196,0.033366045
Lithuania,03-11-12,0.132482826,0.814524043,0.052993131
Lithuania,10-05-13,0.137159533,0.814202335,0.048638132
Lithuania,02-11-13,0.091262136,0.850485437,0.058252427
Lithuania,31-05-14,0.141871921,0.814778325,0.043349754
Lithuania,08-11-14,0.087824351,0.838323353,0.073852295
Lithuania,16-05-15,0.085742772,0.841475573,0.072781655
Lithuania,07-11-15,0.115422886,0.793034826,0.091542289
Lithuania,21-05-16,0.079286422,0.871159564,0.049554014
Lithuania,03-11-16,0.174430129,0.769078295,0.056491576
Lithuania,20-05-17,0.115079365,0.856150794,0.028769841
Lithuania,05-11-17,0.096742349,0.850937808,0.052319842
Lithuania,17-03-18,0.078842315,0.888223553,0.032934132
Lithuania,08-11-18,0.095712861,0.836490528,0.06779661
Lithuania,07-06-19,0.136182903,0.810139165,0.053677932
Lithuania,14-11-19,0.089285714,0.85515873,0.055555556
Luxembourg,14-11-00,0.408640572,0.496355823,0.095003604
Luxembourg,12-04-01,0.333015327,0.471825941,0.195158733
Luxembourg,13-10-01,0.316040284,0.581031056,0.102928659
Luxembourg,29-03-02,0.319938492,0.567343145,0.112718364
Luxembourg,18-03-03,0.310743919,0.600695699,0.088560382
Luxembourg,01-10-03,0.26098112,0.603925174,0.135093706
Luxembourg,20-02-04,0.31384347,0.541669797,0.144486733
Luxembourg,02-10-04,0.347912525,0.510934394,0.141153082
Luxembourg,09-05-05,0.458333333,0.428571429,0.113095238
Luxembourg,11-10-05,0.352941176,0.509803922,0.137254902
Luxembourg,27-03-06,0.4055666,0.435387674,0.159045726
Luxembourg,06-09-06,0.358,0.484,0.158
Luxembourg,22-09-07,0.300796813,0.539840637,0.15936255
Luxembourg,25-03-08,0.293413174,0.576846307,0.129740519
Luxembourg,06-10-08,0.388,0.492,0.12
Luxembourg,12-06-09,0.498113208,0.383018868,0.118867925
Luxembourg,23-10-09,0.407185629,0.443113772,0.149700599
Luxembourg,05-05-10,0.398809524,0.513888889,0.087301587
Luxembourg,11-11-10,0.346978558,0.555555556,0.097465887
Luxembourg,05-11-11,0.31124498,0.628514056,0.060240964
Luxembourg,12-05-12,0.37944664,0.551383399,0.06916996
Luxembourg,03-11-12,0.217131474,0.705179283,0.077689243
Luxembourg,10-05-13,0.352475248,0.605940594,0.041584158
Luxembourg,02-11-13,0.263779528,0.622047244,0.114173228
Luxembourg,31-05-14,0.318181818,0.579051383,0.102766798
Luxembourg,08-11-14,0.24852071,0.623274162,0.128205128
Luxembourg,16-05-15,0.283730159,0.589285714,0.126984127
Luxembourg,07-11-15,0.236686391,0.650887574,0.112426036
Luxembourg,21-05-16,0.287968442,0.477317554,0.234714004
Luxembourg,03-11-16,0.332669323,0.494023904,0.173306773
Luxembourg,20-05-17,0.427734375,0.38671875,0.185546875
Luxembourg,05-11-17,0.305719921,0.579881657,0.114398422
Luxembourg,17-03-18,0.35546875,0.51953125,0.125
Luxembourg,08-11-18,0.271457086,0.542914172,0.185628743
Luxembourg,07-06-19,0.332673267,0.576237624,0.091089109
Luxembourg,14-11-19,0.27254902,0.550980392,0.176470588
Latvia,02-10-04,0.060696517,0.853731343,0.085572139
Latvia,09-05-05,0.100492611,0.819704433,0.079802956
Latvia,11-10-05,0.084220716,0.833494676,0.082284608
Latvia,27-03-06,0.061886051,0.879174853,0.058939096
Latvia,06-09-06,0.091625616,0.834482759,0.073891626
Latvia,22-09-07,0.068656716,0.876616915,0.054726368
Latvia,25-03-08,0.052579365,0.898809524,0.048611111
Latvia,06-10-08,0.053946054,0.91008991,0.035964036
Latvia,12-06-09,0.046626984,0.930555556,0.02281746
Latvia,23-10-09,0.02584493,0.948310139,0.02584493
Latvia,05-05-10,0.042871386,0.941176471,0.015952144
Latvia,11-11-10,0.060817547,0.913260219,0.025922233
Latvia,05-11-11,0.081268583,0.89296333,0.025768087
Latvia,12-05-12,0.071570577,0.897614314,0.030815109
Latvia,03-11-12,0.058358061,0.884272997,0.057368942
Latvia,10-05-13,0.092721834,0.871385842,0.035892323
Latvia,02-11-13,0.060575968,0.895729891,0.043694141
Latvia,31-05-14,0.086053412,0.863501484,0.050445104
Latvia,08-11-14,0.089730808,0.831505484,0.078763709
Latvia,16-05-15,0.054726368,0.87761194,0.067661692
Latvia,07-11-15,0.084915085,0.836163836,0.078921079
Latvia,21-05-16,0.066866267,0.865269461,0.067864271
Latvia,03-11-16,0.080436941,0.850049652,0.069513406
Latvia,20-05-17,0.063936064,0.868131868,0.067932068
Latvia,05-11-17,0.091265947,0.85279686,0.055937193
Latvia,17-03-18,0.052683897,0.891650099,0.055666004
Latvia,08-11-18,0.099099099,0.822822823,0.078078078
Latvia,07-06-19,0.082677165,0.841535433,0.075787402
Latvia,14-11-19,0.055,0.871,0.074
Montenegro,05-11-11,0.23015873,0.718253968,0.051587302
Montenegro,12-05-12,0.235700197,0.689349112,0.07495069
Montenegro,03-11-12,0.274606299,0.619094488,0.106299213
Montenegro,10-05-13,0.219704433,0.723152709,0.057142857
Montenegro,02-11-13,0.186372745,0.725450902,0.088176353
Montenegro,31-05-14,0.150635209,0.760435572,0.08892922
Montenegro,08-11-14,0.222429907,0.695327103,0.082242991
Montenegro,16-05-15,0.143396226,0.769811321,0.086792453
Montenegro,07-11-15,0.191369606,0.714821764,0.09380863
Montenegro,21-05-16,0.247600768,0.635316699,0.117082534
Montenegro,03-11-16,0.244360902,0.684210526,0.071428571
Montenegro,20-05-17,0.204238921,0.753371869,0.04238921
Montenegro,05-11-17,0.248587571,0.708097928,0.043314501
Montenegro,17-03-18,0.305927342,0.653919694,0.040152964
Montenegro,08-11-18,0.153005464,0.766848816,0.080145719
Montenegro,07-06-19,0.321428571,0.663533835,0.015037594
Montenegro,14-11-19,0.339622642,0.624528302,0.035849057
North Macedonia,22-09-07,0.131813677,0.794846383,0.073339941
North Macedonia,25-03-08,0.156063618,0.784294235,0.059642147
North Macedonia,06-10-08,0.185332012,0.761149653,0.053518335
North Macedonia,12-06-09,0.152777778,0.813492063,0.033730159
North Macedonia,23-10-09,0.141293532,0.797014925,0.061691542
North Macedonia,05-05-10,0.155534351,0.824427481,0.020038168
North Macedonia,11-11-10,0.119318182,0.833333333,0.047348485
North Macedonia,05-11-11,0.166666667,0.767992424,0.065340909
North Macedonia,12-05-12,0.190340909,0.776515152,0.033143939
North Macedonia,03-11-12,0.150568182,0.800189394,0.049242424
North Macedonia,10-05-13,0.25,0.722537879,0.027462121
North Macedonia,02-11-13,0.182251908,0.742366412,0.075381679
North Macedonia,31-05-14,0.276595745,0.661508704,0.061895551
North Macedonia,08-11-14,0.198675497,0.75307474,0.048249763
North Macedonia,16-05-15,0.160189573,0.75450237,0.085308057
North Macedonia,07-11-15,0.152542373,0.753295669,0.094161959
North Macedonia,21-05-16,0.192307692,0.730769231,0.076923077
North Macedonia,08-11-18,0.185185185,0.760233918,0.054580897
North Macedonia,14-11-19,0.168451801,0.760467381,0.071080818
Malta,02-10-04,0.283433134,0.552894212,0.163672655
Malta,09-05-05,0.286573146,0.577154309,0.136272545
Malta,11-10-05,0.29,0.546,0.164
Malta,27-03-06,0.246,0.636,0.118
Malta,06-09-06,0.264,0.562,0.174
Malta,22-09-07,0.28742515,0.560878244,0.151696607
Malta,25-03-08,0.35,0.48,0.17
Malta,06-10-08,0.342,0.512,0.146
Malta,12-06-09,0.31,0.532,0.158
Malta,23-10-09,0.22244489,0.609218437,0.168336673
Malta,05-05-10,0.248,0.588,0.164
Malta,11-11-10,0.204,0.63,0.166
Malta,05-11-11,0.171656687,0.664670659,0.163672655
Malta,12-05-12,0.26,0.636,0.104
Malta,03-11-12,0.202,0.634,0.164
Malta,10-05-13,0.456,0.42,0.124
Malta,02-11-13,0.268,0.532,0.2
Malta,31-05-14,0.357142857,0.476190476,0.166666667
Malta,08-11-14,0.23715415,0.586956522,0.175889328
Malta,16-05-15,0.265873016,0.555555556,0.178571429
Malta,07-11-15,0.218687873,0.598409543,0.182902584
Malta,21-05-16,0.27254902,0.549019608,0.178431373
Malta,03-11-16,0.250485437,0.613592233,0.13592233
Malta,20-05-17,0.3,0.422,0.278
Malta,05-11-17,0.210735586,0.654075547,0.135188867
Malta,17-03-18,0.255489022,0.608782435,0.135728543
Malta,08-11-18,0.360557769,0.539840637,0.099601594
Malta,07-06-19,0.332007952,0.552683897,0.115308151
Malta,14-11-19,0.289421158,0.556886228,0.153692615
Netherlands,14-11-00,0.386997157,0.481566442,0.131436402
Netherlands,12-04-01,0.319286301,0.532190534,0.148523165
Netherlands,13-10-01,0.339308993,0.51223442,0.148456587
Netherlands,29-03-02,0.350974629,0.53198331,0.117042061
Netherlands,18-03-03,0.32464433,0.568256967,0.107098703
Netherlands,01-10-03,0.259299223,0.649556208,0.091144569
Netherlands,20-02-04,0.272449364,0.642631534,0.084919102
Netherlands,02-10-04,0.343904856,0.595639247,0.060455897
Netherlands,09-05-05,0.347567031,0.611717974,0.040714995
Netherlands,11-10-05,0.336215178,0.596541787,0.067243036
Netherlands,27-03-06,0.415262636,0.545094153,0.039643211
Netherlands,06-09-06,0.373280943,0.553045187,0.07367387
Netherlands,22-09-07,0.348258706,0.615920398,0.035820896
Netherlands,25-03-08,0.395773295,0.564841499,0.039385207
Netherlands,06-10-08,0.504322767,0.463976945,0.031700288
Netherlands,12-06-09,0.412412412,0.548548549,0.039039039
Netherlands,23-10-09,0.371513944,0.592629482,0.035856574
Netherlands,05-05-10,0.451676529,0.519723866,0.028599606
Netherlands,11-11-10,0.389423077,0.552884615,0.057692308
Netherlands,05-11-11,0.333333333,0.631840796,0.034825871
Netherlands,12-05-12,0.384387352,0.583003953,0.032608696
Netherlands,03-11-12,0.334316618,0.628318584,0.037364798
Netherlands,10-05-13,0.343780607,0.630754163,0.02546523
Netherlands,02-11-13,0.277723258,0.696761531,0.025515211
Netherlands,31-05-14,0.410029499,0.553588987,0.036381514
Netherlands,08-11-14,0.325742574,0.623762376,0.05049505
Netherlands,16-05-15,0.320792079,0.610891089,0.068316832
Netherlands,07-11-15,0.328445748,0.597262952,0.0742913
Netherlands,21-05-16,0.352250489,0.569471624,0.078277886
Netherlands,03-11-16,0.347222222,0.603174603,0.049603175
Netherlands,20-05-17,0.458870168,0.49950446,0.041625372
Netherlands,05-11-17,0.427879961,0.520813166,0.051306873
Netherlands,17-03-18,0.462264151,0.496226415,0.041509434
Netherlands,08-11-18,0.441972921,0.489361702,0.068665377
Netherlands,07-06-19,0.421568627,0.523529412,0.054901961
Netherlands,14-11-19,0.405163853,0.549155909,0.045680238
Poland,02-10-04,0.052,0.889,0.059
Poland,09-05-05,0.045045045,0.905905906,0.049049049
Poland,11-10-05,0.07,0.823,0.107
Poland,27-03-06,0.093093093,0.846846847,0.06006006
Poland,06-09-06,0.069,0.862,0.069
Poland,22-09-07,0.082,0.834,0.084
Poland,25-03-08,0.073,0.86,0.067
Poland,06-10-08,0.071,0.886,0.043
Poland,12-06-09,0.120879121,0.811188811,0.067932068
Poland,23-10-09,0.072,0.876,0.052
Poland,05-05-10,0.149,0.799,0.052
Poland,11-11-10,0.122,0.799,0.079
Poland,05-11-11,0.177,0.758,0.065
Poland,12-05-12,0.164164164,0.78978979,0.046046046
Poland,03-11-12,0.167,0.787,0.046
Poland,10-05-13,0.1,0.865,0.035
Poland,02-11-13,0.143143143,0.798798799,0.058058058
Poland,31-05-14,0.124875125,0.787212787,0.087912088
Poland,08-11-14,0.134559535,0.746369797,0.119070668
Poland,16-05-15,0.127254509,0.793587174,0.079158317
Poland,07-11-15,0.143280632,0.719367589,0.137351779
Poland,21-05-16,0.128358209,0.76119403,0.110447761
Poland,03-11-16,0.132612967,0.779960707,0.087426326
Poland,20-05-17,0.167146974,0.771373679,0.061479347
Poland,05-11-17,0.145812808,0.787192118,0.066995074
Poland,17-03-18,0.160079051,0.752964427,0.086956522
Poland,08-11-18,0.144390244,0.76,0.095609756
Poland,07-06-19,0.223,0.709,0.068
Poland,14-11-19,0.218253968,0.700396825,0.081349206
Portugal,14-11-00,0.18058761,0.769318215,0.050094175
Portugal,12-04-01,0.186679712,0.740605344,0.072714944
Portugal,13-10-01,0.22013148,0.729313195,0.050555324
Portugal,29-03-02,0.208284021,0.70277907,0.088936909
Portugal,18-03-03,0.209338208,0.749253571,0.041408221
Portugal,01-10-03,0.1730725,0.7781068,0.0488207
Portugal,20-02-04,0.162950658,0.792370736,0.044678606
Portugal,02-10-04,0.172,0.771,0.057
Portugal,09-05-05,0.192039801,0.750248756,0.057711443
Portugal,11-10-05,0.160518445,0.796610169,0.042871386
Portugal,27-03-06,0.190618762,0.763473054,0.045908184
Portugal,06-09-06,0.178714859,0.774096386,0.047188755
Portugal,22-09-07,0.152,0.787,0.061
Portugal,25-03-08,0.18981019,0.766233766,0.043956044
Portugal,06-10-08,0.171,0.773,0.056
Portugal,12-06-09,0.175247525,0.771287129,0.053465347
Portugal,23-10-09,0.209960938,0.717773438,0.072265625
Portugal,05-05-10,0.149268293,0.818536585,0.032195122
Portugal,11-11-10,0.142436149,0.825147348,0.032416503
Portugal,05-11-11,0.140718563,0.788423154,0.070858283
Portugal,12-05-12,0.131683168,0.820792079,0.047524752
Portugal,03-11-12,0.172413793,0.791133005,0.036453202
Portugal,10-05-13,0.086653386,0.898406375,0.014940239
Portugal,02-11-13,0.11938873,0.863419293,0.017191977
Portugal,31-05-14,0.085581395,0.893953488,0.020465116
Portugal,08-11-14,0.106467662,0.866666667,0.026865672
Portugal,16-05-15,0.116,0.854,0.03
Portugal,07-11-15,0.111770524,0.860534125,0.027695351
Portugal,21-05-16,0.125246548,0.833333333,0.041420118
Portugal,03-11-16,0.15581854,0.813609467,0.030571992
Portugal,20-05-17,0.241505969,0.723599633,0.034894399
Portugal,05-11-17,0.208372093,0.757209302,0.034418605
Portugal,17-03-18,0.262189512,0.722171113,0.015639374
Portugal,08-11-18,0.170974155,0.796222664,0.032803181
Portugal,07-06-19,0.199404762,0.774801587,0.025793651
Portugal,14-11-19,0.215353938,0.752741775,0.031904287
Romania,02-10-04,0.183613031,0.67917078,0.13721619
Romania,09-05-05,0.216135458,0.69123506,0.092629482
Romania,11-10-05,0.123123123,0.757757758,0.119119119
Romania,27-03-06,0.144200627,0.808777429,0.047021944
Romania,06-09-06,0.122254059,0.791786055,0.085959885
Romania,22-09-07,0.108,0.802,0.09
Romania,25-03-08,0.183513248,0.747791953,0.068694799
Romania,06-10-08,0.142450142,0.815764482,0.041785375
Romania,12-06-09,0.119565217,0.821146245,0.059288538
Romania,23-10-09,0.112634672,0.825661117,0.061704212
Romania,05-05-10,0.097058824,0.87254902,0.030392157
Romania,11-11-10,0.065934066,0.885114885,0.048951049
Romania,05-11-11,0.079207921,0.862376238,0.058415842
Romania,12-05-12,0.150046598,0.807082945,0.042870457
Romania,03-11-12,0.08974359,0.854043393,0.056213018
Romania,10-05-13,0.131918819,0.832103321,0.03597786
Romania,02-11-13,0.075842697,0.874531835,0.049625468
Romania,31-05-14,0.163405088,0.81702544,0.019569472
Romania,08-11-14,0.126719057,0.824165029,0.049115914
Romania,16-05-15,0.126242545,0.842942346,0.030815109
Romania,07-11-15,0.121301775,0.792899408,0.085798817
Romania,21-05-16,0.129285015,0.83251714,0.038197845
Romania,03-11-16,0.194029851,0.773134328,0.032835821
Romania,20-05-17,0.18083004,0.774703557,0.044466403
Romania,05-11-17,0.128060264,0.838041431,0.033898305
Romania,17-03-18,0.169902913,0.804854369,0.025242718
Romania,08-11-18,0.160268714,0.809021113,0.030710173
Romania,07-06-19,0.194335938,0.76953125,0.036132813
Romania,14-11-19,0.263705104,0.689981096,0.0463138
Serbia,12-05-12,0.201960784,0.765686275,0.032352941
Serbia,03-11-12,0.127659574,0.808510638,0.063829787
Serbia,10-05-13,0.138033764,0.811320755,0.050645482
Serbia,02-11-13,0.109284333,0.82205029,0.068665377
Serbia,31-05-14,0.156424581,0.797020484,0.046554935
Serbia,08-11-14,0.105211406,0.81120944,0.083579154
Serbia,16-05-15,0.114285714,0.79408867,0.091625616
Serbia,07-11-15,0.094152626,0.825569871,0.080277502
Serbia,21-05-16,0.135960591,0.77635468,0.087684729
Serbia,03-11-16,0.109268293,0.84195122,0.048780488
Serbia,20-05-17,0.115308151,0.826043738,0.058648111
Serbia,05-11-17,0.127596439,0.805143422,0.067260138
Serbia,17-03-18,0.177625123,0.769381747,0.052993131
Serbia,08-11-18,0.126594701,0.779195289,0.09421001
Serbia,07-06-19,0.169338677,0.771543086,0.059118236
Serbia,14-11-19,0.152409046,0.806293019,0.041297935
Sweden,14-11-00,0.1598221,0.75602009,0.08415781
Sweden,12-04-01,0.177032211,0.742941966,0.080025824
Sweden,13-10-01,0.218731628,0.710145393,0.071122979
Sweden,29-03-02,0.229886611,0.678607782,0.091505607
Sweden,18-03-03,0.194626347,0.745681531,0.059692122
Sweden,01-10-03,0.183201969,0.712438634,0.104359397
Sweden,20-02-04,0.208635096,0.739744206,0.051620698
Sweden,02-10-04,0.23976024,0.67032967,0.08991009
Sweden,09-05-05,0.217773438,0.727539063,0.0546875
Sweden,11-10-05,0.203291384,0.737657309,0.059051307
Sweden,27-03-06,0.23280943,0.715127701,0.052062868
Sweden,06-09-06,0.267786561,0.657114625,0.075098814
Sweden,22-09-07,0.247258225,0.684945165,0.06779661
Sweden,25-03-08,0.278769841,0.669642857,0.051587302
Sweden,06-10-08,0.342315369,0.605788423,0.051896208
Sweden,12-06-09,0.361423221,0.588014981,0.050561798
Sweden,23-10-09,0.320425944,0.640851888,0.038722168
Sweden,05-05-10,0.367619048,0.615238095,0.017142857
Sweden,11-11-10,0.340529931,0.632973503,0.026496565
Sweden,05-11-11,0.302348337,0.668297456,0.029354207
Sweden,12-05-12,0.425907753,0.548577036,0.025515211
Sweden,03-11-12,0.346938776,0.616132167,0.036929057
Sweden,10-05-13,0.427299703,0.551928783,0.020771513
Sweden,02-11-13,0.336604514,0.647693817,0.015701668
Sweden,31-05-14,0.388282026,0.564051639,0.047666336
Sweden,08-11-14,0.301369863,0.623287671,0.075342466
Sweden,16-05-15,0.279652845,0.669238187,0.051108968
Sweden,07-11-15,0.335299902,0.58013766,0.084562439
Sweden,21-05-16,0.268490375,0.675785208,0.055724417
Sweden,03-11-16,0.309037901,0.649173955,0.041788144
Sweden,20-05-17,0.312623274,0.638067061,0.049309665
Sweden,05-11-17,0.335329341,0.600798403,0.063872255
Sweden,17-03-18,0.382089552,0.568159204,0.049751244
Sweden,08-11-18,0.413793103,0.532019704,0.054187192
Sweden,07-06-19,0.384236453,0.585221675,0.030541872
Sweden,14-11-19,0.303030303,0.647116325,0.049853372
Slovenia,02-10-04,0.169,0.764,0.067
Slovenia,09-05-05,0.228708134,0.735885167,0.035406699
Slovenia,11-10-05,0.139130435,0.804830918,0.056038647
Slovenia,27-03-06,0.194578896,0.761858664,0.043562439
Slovenia,06-09-06,0.198836081,0.749757517,0.051406402
Slovenia,22-09-07,0.135777998,0.827552032,0.03666997
Slovenia,25-03-08,0.130608175,0.831505484,0.037886341
Slovenia,06-10-08,0.171968191,0.798210736,0.029821074
Slovenia,12-06-09,0.104743083,0.863636364,0.031620553
Slovenia,23-10-09,0.088669951,0.882758621,0.028571429
Slovenia,05-05-10,0.114737883,0.870425321,0.014836795
Slovenia,11-11-10,0.064741036,0.912350598,0.022908367
Slovenia,05-11-11,0.069813176,0.900688299,0.029498525
Slovenia,12-05-12,0.103616813,0.876832845,0.019550342
Slovenia,03-11-12,0.091715976,0.897435897,0.010848126
Slovenia,10-05-13,0.043478261,0.947628458,0.008893281
Slovenia,02-11-13,0.064456722,0.919889503,0.015653775
Slovenia,31-05-14,0.050814957,0.930009588,0.019175455
Slovenia,08-11-14,0.055449331,0.899617591,0.044933078
Slovenia,16-05-15,0.068452381,0.900793651,0.030753968
Slovenia,07-11-15,0.06132542,0.881305638,0.057368942
Slovenia,21-05-16,0.065259117,0.89059501,0.044145873
Slovenia,03-11-16,0.062811565,0.907278166,0.029910269
Slovenia,20-05-17,0.09486166,0.875494071,0.029644269
Slovenia,05-11-17,0.084241824,0.880079286,0.03567889
Slovenia,17-03-18,0.108081792,0.868549172,0.023369036
Slovenia,08-11-18,0.099311701,0.87020649,0.030481809
Slovenia,07-06-19,0.128585559,0.847675569,0.023738872
Slovenia,14-11-19,0.139026812,0.816285998,0.04468719
Slovakia,02-10-04,0.087859425,0.845846645,0.06629393
Slovakia,09-05-05,0.112714157,0.834084761,0.053201082
Slovakia,11-10-05,0.073972603,0.884931507,0.04109589
Slovakia,27-03-06,0.09554731,0.867346939,0.037105751
Slovakia,06-09-06,0.161290323,0.771260997,0.06744868
Slovakia,22-09-07,0.132326821,0.821492007,0.046181172
Slovakia,25-03-08,0.112442396,0.851612903,0.0359447
Slovakia,06-10-08,0.154075547,0.793240557,0.052683897
Slovakia,12-06-09,0.153051643,0.792488263,0.054460094
Slovakia,23-10-09,0.184615385,0.777884615,0.0375
Slovakia,05-05-10,0.244401168,0.713729309,0.041869523
Slovakia,11-11-10,0.179437439,0.798254122,0.022308438
Slovakia,05-11-11,0.157157157,0.806806807,0.036036036
Slovakia,12-05-12,0.257,0.706,0.037
Slovakia,03-11-12,0.19,0.773,0.037
Slovakia,10-05-13,0.176,0.798,0.026
Slovakia,02-11-13,0.163163163,0.804804805,0.032032032
Slovakia,31-05-14,0.116210938,0.850585938,0.033203125
Slovakia,08-11-14,0.139826422,0.799421408,0.06075217
Slovakia,16-05-15,0.13510942,0.795432921,0.069457659
Slovakia,07-11-15,0.156767283,0.76533593,0.077896787
Slovakia,21-05-16,0.163204748,0.78041543,0.056379822
Slovakia,03-11-16,0.155753968,0.770833333,0.073412698
Slovakia,20-05-17,0.142717498,0.787878788,0.069403715
Slovakia,05-11-17,0.148467433,0.784482759,0.067049808
Slovakia,17-03-18,0.109911678,0.823356232,0.06673209
Slovakia,08-11-18,0.156959526,0.784797631,0.058242843
Slovakia,07-06-19,0.223062382,0.702268431,0.074669187
Slovakia,14-11-19,0.138033764,0.7775571,0.084409136
Turkey,02-10-04,0.240740741,0.700779727,0.058479532
Turkey,09-05-05,0.278606965,0.649751244,0.071641791
Turkey,11-10-05,0.251741294,0.644776119,0.103482587
Turkey,27-03-06,0.314427861,0.626865672,0.058706468
Turkey,06-09-06,0.194029851,0.727363184,0.078606965
Turkey,22-09-07,0.232071713,0.662350598,0.105577689
Turkey,25-03-08,0.175473579,0.772681954,0.051844467
Turkey,06-10-08,0.215353938,0.709870389,0.074775673
Turkey,12-06-09,0.263681592,0.68159204,0.054726368
Turkey,23-10-09,0.223552894,0.72255489,0.053892216
Turkey,05-05-10,0.241,0.704,0.055
Turkey,11-11-10,0.173173173,0.735735736,0.091091091
Turkey,05-11-11,0.26973027,0.641358641,0.088911089
Turkey,12-05-12,0.303,0.631,0.066
Turkey,03-11-12,0.177,0.739,0.084
Turkey,10-05-13,0.267732268,0.686313686,0.045954046
Turkey,02-11-13,0.200799201,0.723276723,0.075924076
Turkey,31-05-14,0.261208577,0.652046784,0.086744639
Turkey,08-11-14,0.221711132,0.709291628,0.06899724
Turkey,16-05-15,0.384539148,0.549058474,0.066402379
Turkey,07-11-15,0.30106486,0.61374637,0.085188771
Turkey,21-05-16,0.269005848,0.661793372,0.06920078
Turkey,03-11-16,0.351923077,0.586538462,0.061538462
Turkey,20-05-17,0.377866401,0.596211366,0.025922233
Turkey,05-11-17,0.348258706,0.624875622,0.026865672
Turkey,17-03-18,0.326021934,0.617148554,0.056829511
Turkey,08-11-18,0.30106486,0.667957406,0.030977735
Turkey,07-06-19,0.259920635,0.697420635,0.04265873
Turkey,14-11-19,0.381800198,0.590504451,0.027695351
United Kingdom,14-11-00,0.137142083,0.770014075,0.092843842
United Kingdom,12-04-01,0.15326057,0.741887894,0.104851537
United Kingdom,13-10-01,0.156071948,0.755250393,0.088677659
United Kingdom,29-03-02,0.153480048,0.739400293,0.107119659
United Kingdom,18-03-03,0.125652886,0.76929261,0.105054505
United Kingdom,01-10-03,0.119216247,0.79039998,0.090383774
United Kingdom,20-02-04,0.101427724,0.783407745,0.115164531
United Kingdom,02-10-04,0.151908397,0.777862595,0.070229008
United Kingdom,09-05-05,0.222717149,0.704528582,0.072754269
United Kingdom,11-10-05,0.140909091,0.787121212,0.071969697
United Kingdom,27-03-06,0.180640244,0.747713415,0.071646341
United Kingdom,06-09-06,0.12165264,0.79648049,0.081866871
United Kingdom,22-09-07,0.151492537,0.792537313,0.055970149
United Kingdom,25-03-08,0.127871363,0.810107198,0.06202144
United Kingdom,06-10-08,0.17723453,0.766997708,0.055767762
United Kingdom,12-06-09,0.116863905,0.827662722,0.055473373
United Kingdom,23-10-09,0.090771558,0.86913767,0.040090772
United Kingdom,05-05-10,0.177051672,0.786474164,0.036474164
United Kingdom,11-11-10,0.126923077,0.826153846,0.046923077
United Kingdom,05-11-11,0.108993902,0.856707317,0.03429878
United Kingdom,12-05-12,0.148659004,0.822222222,0.029118774
United Kingdom,03-11-12,0.125,0.82898773,0.04601227
United Kingdom,10-05-13,0.1348659,0.82835249,0.036781609
United Kingdom,02-11-13,0.110105581,0.847662142,0.042232278
United Kingdom,31-05-14,0.14628821,0.789665211,0.064046579
United Kingdom,08-11-14,0.14198937,0.794229309,0.063781321
United Kingdom,16-05-15,0.190658499,0.756508423,0.052833078
United Kingdom,07-11-15,0.147528517,0.806844106,0.045627376
United Kingdom,21-05-16,0.167775314,0.784183296,0.04804139
United Kingdom,03-11-16,0.140089419,0.765275708,0.094634873
United Kingdom,20-05-17,0.15018315,0.723809524,0.126007326
United Kingdom,05-11-17,0.129685157,0.831334333,0.03898051
United Kingdom,17-03-18,0.127150337,0.827225131,0.045624533
United Kingdom,08-11-18,0.133004926,0.79408867,0.072906404
United Kingdom,07-06-19,0.081395349,0.853682171,0.064922481
United Kingdom,14-11-19,0.096039604,0.830693069,0.073267327
